{
  "mpu6050": {
    "accel_offset": {
      "x": -122.94,
      "y": -108.82,
      "z": -1416.8520000000008
    },
    "gyro_offset": {
      "x": -245.858,
      "y": -42.084,
      "z": -92.326
    }
  },
  "hmc5883l": {
    "offset": {
      "x": 25.0,
      "y": -73.5,
      "z": -203.0
    },
    "scale": {
      "x": 0.7961672473867596,
      "y": 0.8088495575221238,
      "z": 1.9698275862068966
    },
    "min": {
      "x": -262,
      "y": -356,
      "z": -319
    },
    "max": {
      "x": 312,
      "y": 209,
      "z": -87
    }
  }
}